{"accuracy": 0.8694, "precision": 0.8679349542153457, "recall": 0.8735202987209025}