{"accuracy": 0.87488, "precision": 0.8619977037887485, "recall": 0.8947326606816557}