{"accuracy": 0.86188, "precision": 0.8533735685546271, "recall": 0.8762214983713354}