{"accuracy": 0.87488, "precision:": 0.8607276332850279, "recall": 0.896559942798125}