{"accuracy": 0.87168, "precision:": 0.8705064391245951, "recall": 0.8753475808373719}